accuracy,loss,val_accuracy,val_loss
0.8890423774719238,0.32437172532081604,0.9889705777168274,0.08501522988080978
0.9953959584236145,0.030898500233888626,0.9908088445663452,0.02775566838681698
0.9981583952903748,0.005526948720216751,0.9944853186607361,0.016720416024327278
1.0,0.0015717321075499058,0.9944853186607361,0.014936920255422592
1.0,0.0008054465870372951,0.9944853186607361,0.01480101514607668
